model,threshold,f1,f2,precision,recall,false_positive_rate,false_negative_rate,tp,fp,fn,tn
Model A: YOLO + CLIP,0.02,0.9371633752,0.946337926,0.9222614841,0.9525547445,0.0802919708,0.04744525547,261,22,13,252
Model B: CLIP only,0.19,0.8151515152,0.9075573549,0.6968911917,0.9817518248,0.4270072993,0.01824817518,269,117,5,157
Model C: YOLO only,0.01,0.9003436426,0.933048433,0.8506493506,0.9562043796,0.1678832117,0.04379562044,262,46,12,228