model,threshold,f1,f2,precision,recall,false_positive_rate,false_negative_rate,tp,fp,fn,tn
Model A: YOLO + CLIP,0.5,0.6682577566,0.5640612409,0.9655172414,0.5109489051,0.01824817518,0.4890510949,140,5,134,269
Model B: CLIP only,0.5,0.8442211055,0.88794926,0.7801857585,0.9197080292,0.2591240876,0.0802919708,252,71,22,203
Model C: YOLO only,0.5,0.7510729614,0.6793478261,0.9114583333,0.6386861314,0.06204379562,0.3613138686,175,17,99,257