model,threshold,f1,f2,precision,recall,false_positive_rate,false_negative_rate,tp,fp,fn,tn
Model A: YOLO + CLIP,0.07,0.9502762431,0.9450549451,0.9591078067,0.9416058394,0.0401459854,0.05839416058,258,11,16,263
Model B: CLIP only,0.6,0.856152513,0.8827734096,0.8151815182,0.901459854,0.204379562,0.09854014599,247,56,27,218
Model C: YOLO only,0.01,0.9003436426,0.933048433,0.8506493506,0.9562043796,0.1678832117,0.04379562044,262,46,12,228