model,threshold,f1,f2,precision,recall,false_positive_rate,false_negative_rate,tp,fp,fn,tn
Model A: YOLO + CLIP,0.5,0.6433121019,0.5525164114,0.8859649123,0.505,0.009285714286,0.495,101,13,99,1387
Model B: CLIP only,0.5,0.8089330025,0.8125623131,0.802955665,0.815,0.02857142857,0.185,163,40,37,1360
Model C: YOLO only,0.5,0.3,0.4375,0.196875,0.63,0.3671428571,0.37,126,514,74,886