model,threshold,f1,f2,precision,recall,false_positive_rate,false_negative_rate,tp,fp,fn,tn
Model A: YOLO + CLIP,0.15,0.818627451,0.8283730159,0.8028846154,0.835,0.02928571429,0.165,167,41,33,1359
Model B: CLIP only,0.91,0.8412256267,0.787278415,0.9496855346,0.755,0.005714285714,0.245,151,8,49,1392
Model C: YOLO only,0.32,0.3116197183,0.5097926267,0.1891025641,0.885,0.5421428571,0.115,177,759,23,641