model,threshold,f1,f2,precision,recall,false_positive_rate,false_negative_rate,tp,fp,fn,tn
Model A: YOLO + CLIP,0.14,0.8144578313,0.8325123153,0.7860465116,0.845,0.03285714286,0.155,169,46,31,1354
Model B: CLIP only,0.22,0.7625272331,0.8262511804,0.6756756757,0.875,0.06,0.125,175,84,25,1316
Model C: YOLO only,0.27,0.3052805281,0.5104856512,0.1828063241,0.925,0.5907142857,0.075,185,827,15,573